-- MySQL dump 10.13  Distrib 8.0.42, for Linux (x86_64)
--
-- Host: localhost    Database: numicamp
-- ------------------------------------------------------
-- Server version	8.0.42

/*!40101 SET @OLD_CHARACTER_SET_CLIENT=@@CHARACTER_SET_CLIENT */;
/*!40101 SET @OLD_CHARACTER_SET_RESULTS=@@CHARACTER_SET_RESULTS */;
/*!40101 SET @OLD_COLLATION_CONNECTION=@@COLLATION_CONNECTION */;
/*!50503 SET NAMES utf8mb4 */;
/*!40103 SET @OLD_TIME_ZONE=@@TIME_ZONE */;
/*!40103 SET TIME_ZONE='+00:00' */;
/*!40014 SET @OLD_UNIQUE_CHECKS=@@UNIQUE_CHECKS, UNIQUE_CHECKS=0 */;
/*!40014 SET @OLD_FOREIGN_KEY_CHECKS=@@FOREIGN_KEY_CHECKS, FOREIGN_KEY_CHECKS=0 */;
/*!40101 SET @OLD_SQL_MODE=@@SQL_MODE, SQL_MODE='NO_AUTO_VALUE_ON_ZERO' */;
/*!40111 SET @OLD_SQL_NOTES=@@SQL_NOTES, SQL_NOTES=0 */;

--
-- Table structure for table `ressource`
--

DROP TABLE IF EXISTS `ressource`;
/*!40101 SET @saved_cs_client     = @@character_set_client */;
/*!50503 SET character_set_client = utf8mb4 */;
CREATE TABLE `ressource` (
  `lien` varchar(255) CHARACTER SET utf8mb4 COLLATE utf8mb4_unicode_ci NOT NULL,
  `design_res` varchar(50) CHARACTER SET utf8mb4 COLLATE utf8mb4_unicode_ci NOT NULL,
  `description_res` text CHARACTER SET utf8mb4 COLLATE utf8mb4_unicode_ci,
  PRIMARY KEY (`lien`),
  KEY `idx_res` (`lien`)
) ENGINE=InnoDB DEFAULT CHARSET=utf8mb4 COLLATE=utf8mb4_unicode_ci;
/*!40101 SET character_set_client = @saved_cs_client */;

--
-- Dumping data for table `ressource`
--

LOCK TABLES `ressource` WRITE;
/*!40000 ALTER TABLE `ressource` DISABLE KEYS */;
INSERT INTO `ressource` VALUES ('https://4sysops.com/feed','4sysops','Ressources pour sysadmins et DevOps, tutoriels sur Windows, Linux et cloud.'),('https://analyticsindiamag.com/feed/','Analytics India Magazine','Actualités sur l\'IA et la data science en Inde et dans le monde, focus sur l\'adoption en entreprise.'),('https://artificialintelligence-news.com/feed/','AI News','Site entièrement dédié aux actualités de l\'intelligence artificielle, couvrant l\'industrie, la recherche et les applications pratiques.'),('https://arxiv.org/rss/quant-ph','arXiv Quantum Physics','Derniers articles de recherche en physique quantique et computing quantique.'),('https://aws.amazon.com/blogs/aws/feed/','AWS News Blog','Annonces officielles, nouveaux services et mises à jour de la plateforme AWS.'),('https://aws.amazon.com/blogs/quantum-computing/feed/','AWS Quantum Computing Blog','Articles sur Amazon Braket et services de computing quantique AWS.'),('https://azure.microsoft.com/en-us/blog/feed/','Azure Blog','Actualités et innovations sur Microsoft Azure, cloud hybride et services Azure.'),('https://blog.arduino.cc/feed/','Arduino Blog','Projets Arduino, tutoriels et actualités pour makers et prototyping IoT.'),('https://blog.chain.link/feed/','Chainlink Blog','Actualités sur oracles décentralisés et intégration de données blockchain.'),('https://blog.cloudera.com/feed/','Cloudera Blog','Actualités sur Hadoop, Spark et plateformes big data d\'entreprise.'),('https://blog.devops.dev/feed','DevOps.dev','Articles et ressources pour développeurs et ingénieurs DevOps.'),('https://blog.ipspace.net/feeds/posts/default','ipSpace.net','Analyses techniques approfondies sur architecture réseau et data center.'),('https://cloud.google.com/blog/rss','Google Cloud Blog','Actualités sur Google Cloud Platform, Kubernetes, BigQuery et services GCP.'),('https://cointelegraph.com/rss','Cointelegraph','Actualités crypto, DeFi, NFTs et technologies blockchain émergentes.'),('https://consensys.net/blog/feed/','ConsenSys Blog','Articles sur développement Ethereum, DeFi et entreprises blockchain.'),('https://css-tricks.com/feed/','CSS-Tricks','Tutoriels et astuces sur CSS, JavaScript, design web et front-end.'),('https://davidwalsh.name/feed','David Walsh Blog','Tutoriels JavaScript, CSS et astuces de développement web moderne.'),('https://decrypt.co/feed','Decrypt','Actualités accessibles sur crypto, Web3 et culture blockchain.'),('https://deepmind.google/blog/rss.xml','DeepMind Blog','Blog officiel de DeepMind (Google), annonces de recherches et percées en IA de l\'un des leaders mondiaux.'),('https://dev.to/feed','Dev.to','Communauté de développeurs partageant articles, tutoriels et expériences de code.'),('https://devblogs.microsoft.com/devops/feed/','Azure DevOps Blog','Blog officiel de Microsoft sur DevOps, CI/CD et pratiques d’ingénierie cloud.'),('https://devops.com/feed/','DevOps.com','Actualités, tutoriels et articles sur le DevOps, CI/CD, Cloud et automatisation.'),('https://feed.infoq.com/Devops/articles/','InfoQ DevOps','Articles et analyses sur DevOps, SRE et gestion de l’infrastructure.'),('https://feeds.arstechnica.com/arstechnica/technology-lab','Ars Technica - AI','Analyses techniques détaillées sur l\'IA, machine learning et leurs implications technologiques.'),('https://feeds.feedburner.com/eset/blog','ESET Blog','Recherches sur les malwares et analyses de menaces par les experts ESET.'),('https://feeds.feedburner.com/TheHackersNews','The Hacker News','Actualités quotidiennes sur la cybersécurité, piratages et vulnérabilités découvertes.'),('https://github.blog/feed/','GitHub Blog','Actualités sur GitHub, open-source, nouvelles fonctionnalités et DevOps.'),('https://hadoop.apache.org/feed.xml','Apache Hadoop Blog','Mises à jour officielles sur l\'écosystème Hadoop et projets Apache.'),('https://insightextractor.com/feed/','Insight Extractor','Blog sur data science et intelligence artificielle.'),('https://iot-analytics.com/feed/','IoT Analytics','Analyses de marché, tendances et statistiques sur l\'Internet des objets.'),('https://iot.electronicsforu.com/feed/','Electronics For You IoT','Actualités techniques sur IoT, électronique embarquée et systèmes connectés.'),('https://itsfoss.com/feed/','It\'s FOSS','Tutoriels Linux, distributions, ligne de commande et administration système.'),('https://jack-clark.net/feed/','Import AI Newsletter','Newsletter hebdomadaire de Jack Clark (Anthropic) résumant les avancées importantes en IA.'),('https://krebsonsecurity.com/feed/','Krebs on Security','Analyses approfondies des cyberattaques, fraudes et menaces par le journaliste Brian Krebs.'),('https://kubernetes.io/feed.xml','Kubernetes Blog','Actualités officielles sur Kubernetes, orchestration de conteneurs et CNCF.'),('https://machinelearningmastery.com/blog/feed/','Machine Learning Mastery','Tutoriels, guides et actualités sur le machine learning et deep learning.'),('https://machinelearningmastery.com/feed/','Machine Learning Mastery','Tutoriels, guides pratiques et actualités sur le machine learning et le deep learning, orienté développeurs.'),('https://medium.com/feed/tag/big-data','Medium Big Data','Articles variés sur big data, analytics et infrastructure de données.'),('https://openai.com/blog/rss.xml','OpenAI Blog','Annonces officielles d\'OpenAI (créateurs de ChatGPT), nouvelles recherches et mises à jour produits.'),('https://packetpushers.net/feed/','Packet Pushers','Podcasts et articles sur networking, automation et infrastructure IT.'),('https://paperswithcode.com/feed.xml','Papers With Code','Derniers papiers de recherche en ML/IA avec code source, benchmarks et résultats reproductibles.'),('https://quantumcomputingreport.com/feed/','Quantum Computing Report','Analyses indépendantes sur l\'industrie du computing quantique mondial.'),('https://quantumzeitgeist.com/feed/','Quantum Zeitgeist','Analyses sur technologies quantiques, cryptographie et applications.'),('https://smartdatacollective.com/feed','SmartData Collective','Articles sur la data science et l’analytics.'),('https://stackoverflow.blog/feed/','Stack Overflow Blog','Articles sur les tendances du développement, carrières et technologies.'),('https://techcrunch.com/category/artificial-intelligence/feed/','TechCrunch AI','Actualités sur les startups IA, levées de fonds, lancements de produits et tendances du secteur.'),('https://thegradient.pub/rss/','The Gradient','Magazine indépendant sur l\'IA avec des perspectives critiques et analyses approfondies.'),('https://thequantuminsider.com/feed/','The Quantum Insider','Actualités exclusives sur computing quantique, startups et investissements.'),('https://threatpost.com/feed/','Threatpost','Actualités sur les menaces informatiques, exploits et vulnérabilités zero-day.'),('https://towardsdatascience.com/feed','Towards Data Science','Articles techniques, tutoriels et analyses sur la data science, ML et IA, écrits par des praticiens.'),('https://venturebeat.com/category/ai/feed/','VentureBeat AI','Actualités sur l\'IA dans le business et l\'entreprise, couvrant les startups, les investissements et les applications commerciales de l\'IA.'),('https://web.dev/feed.xml','web.dev','Guides de Google sur les meilleures pratiques web, performance et accessibilité.'),('https://www.analyticsvidhya.com/feed/','Analytics Vidhya','Articles et tutoriels sur data science, machine learning et AI.'),('https://www.bleepingcomputer.com/feed/','Bleeping Computer','Actualités sur les malwares, vulnérabilités, ransomwares et conseils de sécurité.'),('https://www.coindesk.com/arc/outboundfeeds/rss/','CoinDesk','Actualités principales sur Bitcoin, Ethereum, crypto-monnaies et blockchain.'),('https://www.csoonline.com/feed/','CSO Online','Ressources pour les responsables de la sécurité des systèmes d\'information.'),('https://www.darkreading.com/rss.xml','Dark Reading','Analyses et actualités sur la sécurité des entreprises et les menaces avancées.'),('https://www.datasciencecentral.com/feed/','Data Science Central','Actualités, tutoriels et analyses sur la data science.'),('https://www.docker.com/blog/feed/','Docker Blog','Actualités sur Docker, conteneurisation et meilleures pratiques DevOps.'),('https://www.elastic.co/blog/feed','Elastic Blog','Actualités sur Elasticsearch, Kibana et la stack ELK pour big data.'),('https://www.embedded.com/feed/','Embedded.com','Articles sur systèmes embarqués, microcontrôleurs et IoT edge computing.'),('https://www.freecodecamp.org/news/rss/','freeCodeCamp','Tutoriels de programmation gratuits couvrant web, mobile et data science.'),('https://www.kdnuggets.com/feed','KDnuggets','Ressources sur la data science, ML et IA, incluant tutoriels, actualités et analyses de tendances.'),('https://www.kdnuggets.com/tag/big-data/feed','KDnuggets Big Data','Section spécialisée de KDnuggets sur les technologies big data.'),('https://www.linux.com/feed/','Linux.com','Actualités Linux, open-source et administration de systèmes Unix.'),('https://www.microsoft.com/en-us/research/feed/','Microsoft Research AI','Travaux de recherche de Microsoft en IA, machine learning et applications d\'entreprise.'),('https://www.mongodb.com/blog/feed','MongoDB Blog','Articles sur bases de données NoSQL, MongoDB et gestion de données à grande échelle.'),('https://www.postscapes.com/feed/','Postscapes','Veille sur IoT, smart cities, wearables et objets connectés.'),('https://www.quantum.gov/feed/','Quantum.gov','Actualités officielles du gouvernement US sur initiatives quantiques nationales.'),('https://www.raspberrypi.org/blog/feed/','Raspberry Pi Blog','Actualités officielles Raspberry Pi, projets et applications IoT.'),('https://www.redhat.com/sysadmin/rss.xml','Red Hat Sysadmin','Guides pratiques et bonnes pratiques d\'administration Linux et systèmes.'),('https://www.schneier.com/blog/atom.xml','Schneier on Security','Blog de Bruce Schneier, expert en cryptographie et sécurité informatique.'),('https://www.smashingmagazine.com/feed/','Smashing Magazine','Magazine pour designers et développeurs web avec des articles de qualité.'),('https://www.technologyreview.com/topic/artificial-intelligence/feed','MIT Technology Review - AI','Publication du MIT couvrant les avancées technologiques et leurs implications. Section dédiée à l\'IA avec des analyses approfondies et des reportages sur les dernières recherches.'),('https://www.theblockcrypto.com/rss.xml','The Block','Analyses institutionnelles sur crypto, DeFi et infrastructure blockchain.');
/*!40000 ALTER TABLE `ressource` ENABLE KEYS */;
UNLOCK TABLES;

--
-- Table structure for table `posseder`
--

DROP TABLE IF EXISTS `posseder`;
/*!40101 SET @saved_cs_client     = @@character_set_client */;
/*!50503 SET character_set_client = utf8mb4 */;
CREATE TABLE `posseder` (
  `id_domaine` varchar(16) CHARACTER SET utf8mb4 COLLATE utf8mb4_unicode_ci NOT NULL,
  `lien` varchar(255) CHARACTER SET utf8mb4 COLLATE utf8mb4_unicode_ci NOT NULL,
  KEY `id_domaine` (`id_domaine`),
  KEY `lien` (`lien`),
  CONSTRAINT `posseder_ibfk_1` FOREIGN KEY (`id_domaine`) REFERENCES `domaine` (`id_domaine`),
  CONSTRAINT `posseder_ibfk_2` FOREIGN KEY (`lien`) REFERENCES `ressource` (`lien`)
) ENGINE=InnoDB DEFAULT CHARSET=utf8mb4 COLLATE=utf8mb4_unicode_ci;
/*!40101 SET character_set_client = @saved_cs_client */;

--
-- Dumping data for table `posseder`
--

LOCK TABLES `posseder` WRITE;
/*!40000 ALTER TABLE `posseder` DISABLE KEYS */;
INSERT INTO `posseder` VALUES ('DOM-42e6da4bb041','https://www.technologyreview.com/topic/artificial-intelligence/feed'),('DOM-42e6da4bb041','https://venturebeat.com/category/ai/feed/'),('DOM-42e6da4bb041','https://techcrunch.com/category/artificial-intelligence/feed/'),('DOM-42e6da4bb041','https://feeds.arstechnica.com/arstechnica/technology-lab'),('DOM-42e6da4bb041','https://artificialintelligence-news.com/feed/'),('DOM-42e6da4bb041','https://machinelearningmastery.com/feed/'),('DOM-42e6da4bb041','https://towardsdatascience.com/feed'),('DOM-42e6da4bb041','https://deepmind.google/blog/rss.xml'),('DOM-42e6da4bb041','https://openai.com/blog/rss.xml'),('DOM-42e6da4bb041','https://www.microsoft.com/en-us/research/feed/'),('DOM-42e6da4bb041','https://analyticsindiamag.com/feed/'),('DOM-42e6da4bb041','https://www.kdnuggets.com/feed'),('DOM-42e6da4bb041','https://thegradient.pub/rss/'),('DOM-42e6da4bb041','https://paperswithcode.com/feed.xml'),('DOM-42e6da4bb041','https://jack-clark.net/feed/'),('DOM-42e6e943b041','https://krebsonsecurity.com/feed/'),('DOM-42e6e943b041','https://www.bleepingcomputer.com/feed/'),('DOM-42e6e943b041','https://feeds.feedburner.com/TheHackersNews'),('DOM-42e6e943b041','https://www.schneier.com/blog/atom.xml'),('DOM-42e6e943b041','https://www.darkreading.com/rss.xml'),('DOM-42e6e943b041','https://threatpost.com/feed/'),('DOM-42e6e943b041','https://www.csoonline.com/feed/'),('DOM-42e6e943b041','https://feeds.feedburner.com/eset/blog'),('DOM-42e6eb5db041','https://aws.amazon.com/blogs/aws/feed/'),('DOM-42e6eb5db041','https://cloud.google.com/blog/rss'),('DOM-42e6eb5db041','https://azure.microsoft.com/en-us/blog/feed/'),('DOM-42e6eb5db041','https://www.docker.com/blog/feed/'),('DOM-42e6eb5db041','https://kubernetes.io/feed.xml'),('DOM-42e6f4c6b041','https://dev.to/feed'),('DOM-42e6f4c6b041','https://www.freecodecamp.org/news/rss/'),('DOM-42e6f4c6b041','https://css-tricks.com/feed/'),('DOM-42e6f4c6b041','https://www.smashingmagazine.com/feed/'),('DOM-42e6f4c6b041','https://github.blog/feed/'),('DOM-42e6f4c6b041','https://stackoverflow.blog/feed/'),('DOM-42e6f4c6b041','https://web.dev/feed.xml'),('DOM-42e6f4c6b041','https://davidwalsh.name/feed'),('DOM-42e6fb37b041','https://blog.cloudera.com/feed/'),('DOM-42e6fb37b041','https://hadoop.apache.org/feed.xml'),('DOM-42e6fb37b041','https://www.mongodb.com/blog/feed'),('DOM-42e6fb37b041','https://www.elastic.co/blog/feed'),('DOM-42e6fb37b041','https://medium.com/feed/tag/big-data'),('DOM-42e6fb37b041','https://www.kdnuggets.com/tag/big-data/feed'),('DOM-42e6fcfab041','https://www.coindesk.com/arc/outboundfeeds/rss/'),('DOM-42e6fcfab041','https://cointelegraph.com/rss'),('DOM-42e6fcfab041','https://decrypt.co/feed'),('DOM-42e6fcfab041','https://www.theblockcrypto.com/rss.xml'),('DOM-42e6fcfab041','https://blog.chain.link/feed/'),('DOM-42e6fcfab041','https://consensys.net/blog/feed/'),('DOM-42e7016db041','https://iot-analytics.com/feed/'),('DOM-42e7016db041','https://blog.arduino.cc/feed/'),('DOM-42e7016db041','https://www.raspberrypi.org/blog/feed/'),('DOM-42e7016db041','https://www.postscapes.com/feed/'),('DOM-42e7016db041','https://iot.electronicsforu.com/feed/'),('DOM-42e7016db041','https://www.embedded.com/feed/'),('DOM-42e70344b041','https://www.redhat.com/sysadmin/rss.xml'),('DOM-42e70344b041','https://blog.ipspace.net/feeds/posts/default'),('DOM-42e70344b041','https://packetpushers.net/feed/'),('DOM-42e70344b041','https://www.linux.com/feed/'),('DOM-42e70344b041','https://itsfoss.com/feed/'),('DOM-42e704d6b041','https://thequantuminsider.com/feed/'),('DOM-42e704d6b041','https://www.quantum.gov/feed/'),('DOM-42e704d6b041','https://quantumzeitgeist.com/feed/'),('DOM-42e704d6b041','https://arxiv.org/rss/quant-ph'),('DOM-42e704d6b041','https://aws.amazon.com/blogs/quantum-computing/feed/'),('DOM-42e704d6b041','https://quantumcomputingreport.com/feed/'),('DOM-42e6feadb041','https://devops.com/feed/'),('DOM-42e6feadb041','https://devblogs.microsoft.com/devops/feed/'),('DOM-42e6feadb041','https://feed.infoq.com/Devops/articles/'),('DOM-42e6feadb041','https://blog.devops.dev/feed'),('DOM-42e6feadb041','https://4sysops.com/feed'),('DOM-42e6f88fb041','https://www.datasciencecentral.com/feed/'),('DOM-42e6f88fb041','https://www.kdnuggets.com/feed'),('DOM-42e6f88fb041','https://www.analyticsvidhya.com/feed/'),('DOM-42e6f88fb041','https://smartdatacollective.com/feed'),('DOM-42e6f88fb041','https://insightextractor.com/feed/'),('DOM-42e6e55bb041','https://machinelearningmastery.com/blog/feed/'),('DOM-42e6e55bb041','https://towardsdatascience.com/feed'),('DOM-42e6e55bb041','https://analyticsindiamag.com/feed/');
/*!40000 ALTER TABLE `posseder` ENABLE KEYS */;
UNLOCK TABLES;

--
-- Table structure for table `ressource_2`
--

DROP TABLE IF EXISTS `ressource_2`;
/*!40101 SET @saved_cs_client     = @@character_set_client */;
/*!50503 SET character_set_client = utf8mb4 */;
CREATE TABLE `ressource_2` (
  `lien` varchar(255) COLLATE utf8mb4_unicode_ci NOT NULL,
  `design_res` varchar(50) COLLATE utf8mb4_unicode_ci NOT NULL,
  `description_res` text COLLATE utf8mb4_unicode_ci,
  PRIMARY KEY (`lien`)
) ENGINE=InnoDB DEFAULT CHARSET=utf8mb4 COLLATE=utf8mb4_unicode_ci;
/*!40101 SET character_set_client = @saved_cs_client */;

--
-- Dumping data for table `ressource_2`
--

LOCK TABLES `ressource_2` WRITE;
/*!40000 ALTER TABLE `ressource_2` DISABLE KEYS */;
INSERT INTO `ressource_2` VALUES ('https://academy.binance.com/','Binance Academy','Cours gratuits sur la blockchain et crypto'),('https://aws.amazon.com/certification/certified-machine-learning-specialty/','AWS ML Specialty','Certification AWS Machine Learning'),('https://aws.amazon.com/certification/certified-solutions-architect-associate/','AWS Solutions Architect','Certification AWS Solutions Architect'),('https://aws.amazon.com/iot/training/','AWS IoT Training','Formation AWS IoT'),('https://cloud.google.com/learn/certification/cloud-architect','GCP Architect','Certification Google Cloud Architect'),('https://cloud.google.com/learn/certification/machine-learning-engineer','Google ML Engineer Cert','Certification Google ML Engineer'),('https://cryptozombies.io/','CryptoZombies','Apprendre Solidity en créant des jeux'),('https://databricks.com/learn/training','Databricks Training','Formation Databricks et Spark'),('https://developer.mozilla.org/en-US/','MDN Web Docs','Documentation de référence pour le web'),('https://docs.docker.com/get-started/','Docker Get Started','Guide de démarrage Docker'),('https://docs.microsoft.com/en-us/azure/quantum/','Azure Quantum Docs','Documentation Microsoft Azure Quantum'),('https://ethereum.org/en/developers/docs/','Ethereum Dev Docs','Documentation développeur Ethereum'),('https://github.com/kamranahmedse/developer-roadmap','Developer Roadmap','Feuilles de route pour développeurs'),('https://hadoop.apache.org/docs/stable/','Hadoop Documentation','Documentation Apache Hadoop'),('https://kubernetes.io/docs/tutorials/','Kubernetes Tutorials','Tutoriels officiels Kubernetes'),('https://learn.hashicorp.com/terraform','Terraform Learn','Apprendre Terraform'),('https://learn.microsoft.com/en-us/certifications/azure-fundamentals/','Azure Fundamentals','Certification Microsoft Azure AZ-900'),('https://pandas.pydata.org/docs/getting_started/intro_tutorials/','Pandas Tutorials','Tutoriels Pandas pour analyse de données'),('https://qiskit.org/learn/','Qiskit Textbook','Manuel d\'apprentissage IBM Qiskit'),('https://quantumai.google/education','Google Quantum AI','Ressources éducatives Google Quantum'),('https://scikit-learn.org/stable/tutorial/index.html','Scikit-learn Tutorial','Documentation et tutoriels scikit-learn'),('https://spark.apache.org/docs/latest/','Apache Spark Docs','Documentation Apache Spark'),('https://tryhackme.com/','TryHackMe','Plateforme d\'apprentissage pratique en cybersécurité'),('https://www.arduino.cc/en/Tutorial/HomePage','Arduino Tutorials','Tutoriels Arduino pour IoT'),('https://www.blockchain-council.org/certifications/','Blockchain Council Certs','Certifications Blockchain Council'),('https://www.cisco.com/c/en/us/training-events/training-certifications/certifications/associate/ccna.html','CCNA Security','Certification Cisco CCNA'),('https://www.cloudera.com/about/training.html','Cloudera Training','Formation et certification Cloudera'),('https://www.cloudskillsboost.google/','Cloud Skills Boost','Formation Google Cloud'),('https://www.comptia.org/certifications/security','CompTIA Security+','Certification CompTIA Security+'),('https://www.coursera.org/learn/quantum-computing-algorithms','Quantum Algorithms','Cours sur les algorithmes quantiques'),('https://www.coursera.org/professional-certificates/google-cloud-engineering','Google Cloud Engineer','Programme Google Cloud Engineer'),('https://www.coursera.org/professional-certificates/ibm-data-science','IBM Data Science','Certificat professionnel IBM Data Science'),('https://www.coursera.org/specializations/big-data','Big Data Specialization','Spécialisation Big Data'),('https://www.coursera.org/specializations/blockchain','Blockchain Specialization','Spécialisation Blockchain'),('https://www.coursera.org/specializations/deep-learning','Deep Learning Specialization','Cours complet sur le deep learning par Andrew Ng'),('https://www.coursera.org/specializations/iot','IoT Specialization','Spécialisation Internet des Objets'),('https://www.coursera.org/specializations/machine-learning-introduction','ML Specialization','Spécialisation Machine Learning par Andrew Ng'),('https://www.cybrary.it/','Cybrary','Plateforme de formation en cybersécurité'),('https://www.datacamp.com/','DataCamp','Plateforme d\'apprentissage Data Science'),('https://www.edx.org/learn/internet-of-things-iot','edX IoT Courses','Cours IoT sur edX'),('https://www.edx.org/learn/quantum-computing','edX Quantum Computing','Cours informatique quantique sur edX'),('https://www.edx.org/professional-certificate/harvardx-data-science','Harvard Data Science','Programme Harvard Data Science'),('https://www.elementsofai.com/','Elements of AI','Introduction gratuite à l\'IA'),('https://www.fast.ai/','Fast.ai','Cours pratiques de deep learning et ML'),('https://www.freecodecamp.org/','freeCodeCamp','Plateforme gratuite d\'apprentissage du code'),('https://www.jenkins.io/doc/tutorials/','Jenkins Tutorials','Tutoriels Jenkins CI/CD'),('https://www.kaggle.com/learn','Kaggle Learn','Cours pratiques et compétitions ML'),('https://www.offensive-security.com/pwk-oscp/','OSCP Certification','Certification Offensive Security OSCP'),('https://www.raspberrypi.org/documentation/','Raspberry Pi Docs','Documentation Raspberry Pi'),('https://www.redhat.com/en/services/certification/rhce','RHCE Certification','Red Hat Certified Engineer'),('https://www.tableau.com/learn/training','Tableau Training','Formation Tableau pour visualisation'),('https://www.theodinproject.com/','The Odin Project','Curriculum complet de développement web'),('https://www.udacity.com/course/full-stack-web-developer-nanodegree--nd0044','Udacity Full Stack','Nanodegree Full Stack Developer');
/*!40000 ALTER TABLE `ressource_2` ENABLE KEYS */;
UNLOCK TABLES;

--
-- Table structure for table `posseder_2`
--

DROP TABLE IF EXISTS `posseder_2`;
/*!40101 SET @saved_cs_client     = @@character_set_client */;
/*!50503 SET character_set_client = utf8mb4 */;
CREATE TABLE `posseder_2` (
  `id_domaine` varchar(16) COLLATE utf8mb4_unicode_ci NOT NULL,
  `lien` varchar(255) COLLATE utf8mb4_unicode_ci NOT NULL,
  KEY `id_domaine` (`id_domaine`),
  KEY `lien` (`lien`),
  CONSTRAINT `posseder_2_ibfk_1` FOREIGN KEY (`id_domaine`) REFERENCES `domaine` (`id_domaine`),
  CONSTRAINT `posseder_2_ibfk_2` FOREIGN KEY (`lien`) REFERENCES `ressource_2` (`lien`)
) ENGINE=InnoDB DEFAULT CHARSET=utf8mb4 COLLATE=utf8mb4_unicode_ci;
/*!40101 SET character_set_client = @saved_cs_client */;

--
-- Dumping data for table `posseder_2`
--

LOCK TABLES `posseder_2` WRITE;
/*!40000 ALTER TABLE `posseder_2` DISABLE KEYS */;
INSERT INTO `posseder_2` VALUES ('DOM-42e6da4bb041','https://www.coursera.org/specializations/deep-learning'),('DOM-42e6da4bb041','https://www.fast.ai/'),('DOM-42e6da4bb041','https://www.elementsofai.com/'),('DOM-42e6da4bb041','https://cloud.google.com/learn/certification/machine-learning-engineer'),('DOM-42e6e55bb041','https://www.coursera.org/specializations/machine-learning-introduction'),('DOM-42e6e55bb041','https://scikit-learn.org/stable/tutorial/index.html'),('DOM-42e6e55bb041','https://www.kaggle.com/learn'),('DOM-42e6e55bb041','https://aws.amazon.com/certification/certified-machine-learning-specialty/'),('DOM-42e6e943b041','https://www.offensive-security.com/pwk-oscp/'),('DOM-42e6e943b041','https://www.cybrary.it/'),('DOM-42e6e943b041','https://www.comptia.org/certifications/security'),('DOM-42e6e943b041','https://tryhackme.com/'),('DOM-42e6e943b041','https://www.cisco.com/c/en/us/training-events/training-certifications/certifications/associate/ccna.html'),('DOM-42e6eb5db041','https://aws.amazon.com/certification/certified-solutions-architect-associate/'),('DOM-42e6eb5db041','https://learn.microsoft.com/en-us/certifications/azure-fundamentals/'),('DOM-42e6eb5db041','https://cloud.google.com/learn/certification/cloud-architect'),('DOM-42e6eb5db041','https://www.cloudskillsboost.google/'),('DOM-42e6eb5db041','https://www.coursera.org/professional-certificates/google-cloud-engineering'),('DOM-42e6f4c6b041','https://www.freecodecamp.org/'),('DOM-42e6f4c6b041','https://www.theodinproject.com/'),('DOM-42e6f4c6b041','https://developer.mozilla.org/en-US/'),('DOM-42e6f4c6b041','https://www.udacity.com/course/full-stack-web-developer-nanodegree--nd0044'),('DOM-42e6f4c6b041','https://github.com/kamranahmedse/developer-roadmap'),('DOM-42e6f88fb041','https://www.datacamp.com/'),('DOM-42e6f88fb041','https://www.coursera.org/professional-certificates/ibm-data-science'),('DOM-42e6f88fb041','https://www.edx.org/professional-certificate/harvardx-data-science'),('DOM-42e6f88fb041','https://www.tableau.com/learn/training'),('DOM-42e6f88fb041','https://pandas.pydata.org/docs/getting_started/intro_tutorials/'),('DOM-42e6fb37b041','https://spark.apache.org/docs/latest/'),('DOM-42e6fb37b041','https://hadoop.apache.org/docs/stable/'),('DOM-42e6fb37b041','https://www.coursera.org/specializations/big-data'),('DOM-42e6fb37b041','https://www.cloudera.com/about/training.html'),('DOM-42e6fb37b041','https://databricks.com/learn/training'),('DOM-42e6fcfab041','https://www.blockchain-council.org/certifications/'),('DOM-42e6fcfab041','https://ethereum.org/en/developers/docs/'),('DOM-42e6fcfab041','https://www.coursera.org/specializations/blockchain'),('DOM-42e6fcfab041','https://cryptozombies.io/'),('DOM-42e6fcfab041','https://academy.binance.com/'),('DOM-42e6feadb041','https://kubernetes.io/docs/tutorials/'),('DOM-42e6feadb041','https://docs.docker.com/get-started/'),('DOM-42e6feadb041','https://www.jenkins.io/doc/tutorials/'),('DOM-42e6feadb041','https://learn.hashicorp.com/terraform'),('DOM-42e6feadb041','https://www.redhat.com/en/services/certification/rhce'),('DOM-42e7016db041','https://www.arduino.cc/en/Tutorial/HomePage'),('DOM-42e7016db041','https://www.raspberrypi.org/documentation/'),('DOM-42e7016db041','https://www.coursera.org/specializations/iot'),('DOM-42e7016db041','https://aws.amazon.com/iot/training/'),('DOM-42e7016db041','https://www.edx.org/learn/internet-of-things-iot'),('DOM-42e704d6b041','https://qiskit.org/learn/'),('DOM-42e704d6b041','https://www.coursera.org/learn/quantum-computing-algorithms'),('DOM-42e704d6b041','https://quantumai.google/education'),('DOM-42e704d6b041','https://www.edx.org/learn/quantum-computing'),('DOM-42e704d6b041','https://docs.microsoft.com/en-us/azure/quantum/');
/*!40000 ALTER TABLE `posseder_2` ENABLE KEYS */;
UNLOCK TABLES;
/*!40103 SET TIME_ZONE=@OLD_TIME_ZONE */;

/*!40101 SET SQL_MODE=@OLD_SQL_MODE */;
/*!40014 SET FOREIGN_KEY_CHECKS=@OLD_FOREIGN_KEY_CHECKS */;
/*!40014 SET UNIQUE_CHECKS=@OLD_UNIQUE_CHECKS */;
/*!40101 SET CHARACTER_SET_CLIENT=@OLD_CHARACTER_SET_CLIENT */;
/*!40101 SET CHARACTER_SET_RESULTS=@OLD_CHARACTER_SET_RESULTS */;
/*!40101 SET COLLATION_CONNECTION=@OLD_COLLATION_CONNECTION */;
/*!40111 SET SQL_NOTES=@OLD_SQL_NOTES */;

-- Dump completed on 2025-12-06 18:29:05
